index,style
212831,Mur
212831,Gant
209499,Sentinelle
209499,Garde
209499,Colonne Vertébrale
209499,Artiste
209499,Architecte
209499,Roc
224458,Tireur d'élite
224458,Oeil de lynx
224458,Buteur
224458,Finisseur
224458,Chasseur
224458,2 pieds
189509,Artiste
189509,Tireur de coups francs
189509,Magicien
210257,Mur
210257,Gant
135507,Sentinelle
135507,Garde
135507,Colonne Vertébrale
135507,Artiste
135507,Architecte
135507,Roc
135507,2 pieds
230666,Tireur d'élite
230666,Chasseur
241461,2 pieds
209297,Artiste
209297,Moteur
209297,Catalyseur
209297,2 pieds
212198,Artiste
212198,Maestro
212198,Moteur
212198,Catalyseur
212198,Tireur d'élite
212198,Faucon
212198,Chasseur
212198,Tireur de coups francs
212198,2 pieds
205498,Artiste
205498,Tireur de coups francs
164240,Sentinelle
164240,Star
192638,Sentinelle
192638,Garde
192638,Colonne Vertébrale
192638,Artiste
192638,Architecte
192638,Roc
192638,Tireur de coups francs
215590,Tireur d'élite
215590,Chasseur
215590,2 pieds
200949,Artiste
200949,Maestro
200949,Moteur
200949,Catalyseur
200949,Tireur d'élite
200949,Faucon
200949,Chasseur
200949,2 pieds
207707,Sentinelle
207707,Pilier
207707,Homme de l'ombre
162347,Artiste
162347,Maestro
162347,Tireur d'élite
162347,Faucon
162347,Tireur de coups francs
162347,2 pieds
178005,Mur
178005,Gant
224293,Artiste
224293,Tireur de coups francs
224293,2 pieds
227928,Sentinelle
227928,Garde
227928,Pilier
227928,Homme de l'ombre
226766,2 pieds
203747,Garde
203747,Homme de l'ombre
222509,Artiste
179944,Sentinelle
179944,Tireur de coups francs
179944,Star
180403,Artiste
180403,Maestro
180403,Moteur
180403,Catalyseur
180403,Tireur d'élite
180403,Faucon
180403,Chasseur
180403,Tireur de coups francs
180403,2 pieds
199576,Sentinelle
211575,Artiste
211575,Architecte
211575,2 pieds
231943,Tireur d'élite
231943,Oeil de lynx
231943,Buteur
231943,Finisseur
231943,Chasseur
231943,2 pieds
199914,Sentinelle
199914,Garde
199914,Colonne Vertébrale
199914,Pilier
199914,Homme de l'ombre
199914,Artiste
199914,Architecte
199914,Roc
199914,Moteur
199914,Catalyseur
223334,Tireur d'élite
223334,Oeil de lynx
223334,Buteur
223334,Finisseur
223334,Chasseur
223334,2 pieds
226456,Artiste
226456,Maestro
226456,Tireur d'élite
226456,Faucon
226078,2 pieds
230658,Artiste
20801,Artiste
20801,Architecte
20801,Maestro
20801,Moteur
20801,Catalyseur
20801,Tireur d'élite
20801,Oeil de lynx
20801,Faucon
20801,Buteur
20801,Finisseur
20801,Chasseur
20801,Tireur de coups francs
20801,2 pieds
20801,Magicien
20801,Legende
190483,Artiste
190483,Moteur
190483,Catalyseur
190483,Tireur de coups francs
190483,Magicien
199304,Sentinelle
199304,Tireur de coups francs
199304,2 pieds
176266,Garde
176266,Artiste
176266,Roc
189505,Artiste
189505,Maestro
189505,Moteur
189505,Catalyseur
189505,Tireur d'élite
189505,Faucon
189505,Chasseur
189505,2 pieds
210617,Artiste
210617,Moteur
210617,Catalyseur
210617,Tireur de coups francs
241721,2 pieds
178007,Artiste
178007,Tireur de coups francs
161956,Artiste
161956,Tireur de coups francs
161956,2 pieds
138110,Tireur de coups francs
199254,Tireur d'élite
199254,2 pieds
220651,Artiste
220651,Architecte
220651,Moteur
220651,Catalyseur
220651,Tireur de coups francs
244260,Artiste
244260,Maestro
244260,Moteur
244260,Catalyseur
244260,Tireur d'élite
244260,Faucon
244260,Chasseur
244260,Tireur de coups francs
244260,2 pieds
216466,Tireur de coups francs
240046,2 pieds
228941,Tireur d'élite
228941,Oeil de lynx
228941,Buteur
228941,Finisseur
228941,Chasseur
240243,2 pieds
208620,2 pieds
216452,Tireur d'élite
216452,Buteur
216452,Finisseur
216452,2 pieds
220834,Artiste
220834,Maestro
220834,Moteur
220834,Catalyseur
220834,Tireur d'élite
220834,Faucon
220834,Chasseur
220834,Tireur de coups francs
176676,Sentinelle
176676,Garde
176676,Colonne Vertébrale
176676,Pilier
176676,Homme de l'ombre
176676,Artiste
176676,Architecte
176676,Roc
176676,Moteur
176676,Catalyseur
176676,2 pieds
176676,Magicien
176676,Star
228635,Tireur d'élite
228635,2 pieds
197781,Artiste
197781,Maestro
197781,Tireur d'élite
197781,Faucon
197781,Tireur de coups francs
200145,Sentinelle
200145,Colonne Vertébrale
200145,Architecte
200145,Roc
189332,Garde
189332,Homme de l'ombre
189332,Artiste
189332,Roc
189332,Moteur
189332,Catalyseur
189511,Sentinelle
189511,Garde
189511,Colonne Vertébrale
189511,Artiste
189511,Architecte
189511,Roc
189511,Star
194404,Mur
194404,Gant
207863,Sentinelle
179844,Tireur d'élite
179844,Buteur
179844,Finisseur
179844,2 pieds
179844,Star
229668,Sentinelle
229668,Pilier
229668,Homme de l'ombre
242444,Tireur d'élite
242444,Chasseur
242444,2 pieds
242444,Magicien
193747,Artiste
193747,Architecte
193747,Maestro
193747,Tireur d'élite
193747,Faucon
193747,Buteur
193747,Finisseur
193747,Tireur de coups francs
193747,2 pieds
202651,Artiste
202651,Maestro
202651,Moteur
202651,Catalyseur
202651,Tireur d'élite
202651,Faucon
202651,Chasseur
202651,Tireur de coups francs
208777,Artiste
208777,2 pieds
219693,Sentinelle
219693,Pilier
219693,Homme de l'ombre
219693,2 pieds
224309,Artiste
224309,Tireur de coups francs
224309,2 pieds
184134,Sentinelle
199577,Sentinelle
206590,Artiste
206590,2 pieds
206545,Artiste
206545,2 pieds
211241,Garde
211241,Homme de l'ombre
178750,Mur
178750,Gant
193171,Homme de l'ombre
200454,Tireur d'élite
200454,Chasseur
200454,Tireur de coups francs
200454,2 pieds
205070,Artiste
205070,Architecte
205070,Maestro
205070,Moteur
205070,Catalyseur
205070,Tireur d'élite
205070,Oeil de lynx
205070,Faucon
205070,Buteur
205070,Finisseur
205070,Chasseur
205070,2 pieds
168542,Artiste
168542,Tireur de coups francs
168542,Star
223952,Gant
215616,2 pieds
224411,Artiste
224411,Maestro
224411,Moteur
224411,Catalyseur
224411,Tireur d'élite
224411,Faucon
224411,Chasseur
224411,2 pieds
208622,Tireur d'élite
208622,Chasseur
208622,2 pieds
245714,2 pieds
241686,Tireur d'élite
241686,Chasseur
201305,Sentinelle
222943,Artiste
222943,Moteur
222943,Catalyseur
222943,Tireur de coups francs
196942,Tireur de coups francs
204525,Sentinelle
171579,Artiste
171579,Architecte
171579,Maestro
171579,Tireur d'élite
171579,Faucon
171579,Buteur
171579,Finisseur
216194,Sentinelle
216194,Garde
222390,Tireur de coups francs
216201,Tireur d'élite
216201,Oeil de lynx
216201,Buteur
216201,Finisseur
216201,Chasseur
247328,Tireur de coups francs
247328,2 pieds
243792,2 pieds
215399,Sentinelle
215399,Pilier
215399,Homme de l'ombre
190535,2 pieds
212183,Homme de l'ombre
208621,2 pieds
224415,2 pieds
172287,Sentinelle
205192,Artiste
205192,Moteur
205192,Catalyseur
212623,Tireur d'élite
212623,Chasseur
212623,2 pieds
235944,Artiste
235944,Maestro
235944,Tireur d'élite
235944,Faucon
235944,Tireur de coups francs
235997,Garde
192629,Artiste
192629,Maestro
192629,Moteur
192629,Catalyseur
192629,Tireur d'élite
192629,Faucon
192629,Chasseur
192629,Tireur de coups francs
199561,Artiste
199561,Maestro
199561,Tireur d'élite
199561,Faucon
199561,Tireur de coups francs
194996,Finisseur
194996,2 pieds
231530,2 pieds
238882,2 pieds
158144,Tireur de coups francs
239441,2 pieds
146748,Gant
202648,Artiste
221445,2 pieds
183520,Tireur de coups francs
207865,Sentinelle
202515,2 pieds
191740,Sentinelle
191740,Garde
191740,Colonne Vertébrale
191740,Artiste
191740,Architecte
191740,Roc
191740,2 pieds
198950,Artiste
198950,Maestro
198950,Moteur
198950,Catalyseur
198950,Tireur d'élite
198950,Faucon
198950,Chasseur
198950,2 pieds
171791,Sentinelle
230767,2 pieds
236639,2 pieds
212692,Artiste
212692,Maestro
212692,Moteur
212692,Catalyseur
212692,Tireur d'élite
212692,Faucon
212692,Chasseur
213874,Garde
213874,Homme de l'ombre
213874,Artiste
213874,Roc
213874,Moteur
213874,Catalyseur
213874,Tireur de coups francs
153260,2 pieds
200677,Sentinelle
227055,Magicien
162895,Artiste
162895,Tireur de coups francs
162895,Star
204523,2 pieds
212260,2 pieds
222715,Sentinelle
189680,2 pieds
243270,2 pieds
120533,Sentinelle
120533,Star
212462,Sentinelle
212462,Garde
212462,Colonne Vertébrale
212462,Pilier
212462,Homme de l'ombre
212462,Artiste
212462,Architecte
212462,Roc
212462,Moteur
212462,Catalyseur
212462,Tireur de coups francs
238857,2 pieds
198031,Artiste
198031,Maestro
198031,Tireur d'élite
198031,Faucon
198031,Tireur de coups francs
194022,Sentinelle
194022,Garde
194022,Colonne Vertébrale
194022,Artiste
194022,Architecte
194022,Roc
239818,Sentinelle
239818,2 pieds
231390,2 pieds
243686,Artiste
213516,Artiste
213516,Maestro
213516,Moteur
213516,Catalyseur
213516,Tireur d'élite
213516,Faucon
213516,Chasseur
216531,Finisseur
216531,2 pieds
212230,Artiste
212230,Tireur de coups francs
234226,Sentinelle
178424,Garde
178424,Homme de l'ombre
178424,Artiste
178424,Roc
178424,Moteur
178424,Catalyseur
178424,Tireur de coups francs
244193,2 pieds
203038,2 pieds
210016,2 pieds
228650,2 pieds
235512,2 pieds
189530,2 pieds
224538,Artiste
224538,2 pieds
229282,2 pieds
169941,2 pieds
203888,Sentinelle
211368,2 pieds
231410,2 pieds
190871,Artiste
190871,Maestro
190871,Moteur
190871,Catalyseur
190871,Tireur d'élite
190871,Faucon
190871,Chasseur
190871,Tireur de coups francs
190871,2 pieds
190871,Magicien
190871,Legende
193165,Artiste
193165,Moteur
193165,Catalyseur
193165,2 pieds
193165,Magicien
209331,Artiste
209331,Maestro
209331,Moteur
209331,Catalyseur
209331,Tireur d'élite
209331,Faucon
209331,Chasseur
208722,Artiste
208722,Maestro
208722,Moteur
208722,Catalyseur
208722,Tireur d'élite
208722,Faucon
208722,Chasseur
208722,2 pieds
216267,Sentinelle
216267,Garde
216267,Colonne Vertébrale
216267,Pilier
216267,Homme de l'ombre
216267,Artiste
216267,Architecte
216267,Roc
216267,Moteur
216267,Catalyseur
225100,Sentinelle
225100,Pilier
225100,Homme de l'ombre
220971,Artiste
220971,2 pieds
226627,2 pieds
231281,Garde
231281,Homme de l'ombre
231281,Artiste
231281,Roc
231281,Moteur
231281,Catalyseur
231281,Tireur de coups francs
231281,2 pieds
181291,Sentinelle
181291,Garde
181291,Colonne Vertébrale
181291,Pilier
181291,Homme de l'ombre
181291,Artiste
181291,Architecte
181291,Roc
181291,Moteur
181291,Catalyseur
138412,Sentinelle
138412,Garde
138412,Colonne Vertébrale
138412,Artiste
138412,Architecte
138412,Roc
138412,Tireur de coups francs
138412,2 pieds
183711,Sentinelle
183711,Garde
183711,Colonne Vertébrale
183711,Artiste
183711,Architecte
183711,Roc
197061,Sentinelle
203376,Sentinelle
203376,Pilier
203376,Homme de l'ombre
203574,Sentinelle
203574,2 pieds
204485,Artiste
204485,Maestro
204485,Moteur
204485,Catalyseur
204485,Tireur d'élite
204485,Faucon
204485,Chasseur
204485,Tireur de coups francs
204485,2 pieds
204485,Magicien
204884,Sentinelle
204884,Garde
204884,Colonne Vertébrale
204884,Pilier
204884,Homme de l'ombre
204884,Artiste
204884,Architecte
204884,Roc
204884,Moteur
204884,Catalyseur
208920,Sentinelle
208920,Pilier
208920,Homme de l'ombre
188377,Sentinelle
188377,Garde
188377,Colonne Vertébrale
188377,Pilier
188377,Homme de l'ombre
188377,Artiste
188377,Architecte
188377,Roc
188377,Moteur
188377,Catalyseur
192985,Artiste
192985,Architecte
192985,Maestro
192985,Moteur
192985,Catalyseur
192985,Tireur d'élite
192985,Oeil de lynx
192985,Faucon
192985,Buteur
192985,Finisseur
192985,Chasseur
192985,Tireur de coups francs
192985,2 pieds
192985,Star
221660,Sentinelle
221660,2 pieds
205988,Sentinelle
205988,Garde
205988,Colonne Vertébrale
205988,Pilier
205988,Homme de l'ombre
205988,Artiste
205988,Architecte
205988,Roc
205988,Moteur
205988,Catalyseur
211300,Tireur d'élite
211300,Chasseur
225508,Sentinelle
225508,Pilier
225508,Homme de l'ombre
221363,Artiste
221363,Architecte
221363,Maestro
221363,Tireur d'élite
221363,Faucon
221363,Buteur
221363,Finisseur
231677,Tireur d'élite
231677,Oeil de lynx
231677,Buteur
231677,Finisseur
231677,Chasseur
231677,Tireur de coups francs
231677,Magicien
232104,2 pieds
232270,2 pieds
229880,Garde
229880,Homme de l'ombre
246147,2 pieds
191202,Sentinelle
191202,Colonne Vertébrale
191202,Architecte
191202,Roc
195864,Artiste
195864,Architecte
195864,Maestro
195864,Tireur d'élite
195864,Faucon
195864,Buteur
195864,Finisseur
195864,Tireur de coups francs
195864,2 pieds
195864,Magicien
195864,Star
204311,Sentinelle
206585,Mur
206585,Gant
206585,2 pieds
212188,Tireur d'élite
212188,Chasseur
212188,2 pieds
178509,Finisseur
213666,Artiste
213666,Architecte
235790,Artiste
235790,Maestro
235790,Moteur
235790,Catalyseur
235790,Tireur d'élite
235790,Faucon
235790,Chasseur
235790,2 pieds
233064,Tireur de coups francs
233064,2 pieds
199189,Artiste
199189,2 pieds
199652,Artiste
199652,2 pieds
208830,Oeil de lynx
208830,Finisseur
208830,Chasseur
139313,Roc
139313,Tireur de coups francs
216393,Artiste
216393,Maestro
216393,Tireur d'élite
216393,Faucon
216393,Tireur de coups francs
216393,2 pieds
220697,Artiste
220697,Moteur
220697,Catalyseur
220697,Tireur de coups francs
220697,2 pieds
163587,Mur
163587,Gant
212883,Sentinelle
231554,2 pieds
232119,2 pieds
226790,Sentinelle
226790,2 pieds
234742,2 pieds
183130,Artiste
213648,2 pieds
205923,Garde
205923,Artiste
205923,Roc
202335,Sentinelle
211117,Artiste
211117,Architecte
211117,Maestro
211117,Tireur d'élite
211117,Faucon
211117,Buteur
211117,Finisseur
222400,Artiste
167948,Gant
167948,Star
225953,Artiste
225953,Maestro
225953,Moteur
225953,Catalyseur
225953,Tireur d'élite
225953,Faucon
225953,Chasseur
226226,Artiste
226226,Maestro
226226,Moteur
226226,Catalyseur
226226,Tireur d'élite
226226,Faucon
226226,Chasseur
235569,Artiste
235569,Architecte
235569,Moteur
235569,Catalyseur
220793,Sentinelle
184087,Sentinelle
170368,Artiste
170368,Maestro
170368,Moteur
170368,Catalyseur
170368,Tireur d'élite
170368,Faucon
170368,Chasseur
170368,Tireur de coups francs
202126,Artiste
202126,Architecte
202126,Maestro
202126,Tireur d'élite
202126,Faucon
202126,Buteur
202126,Finisseur
202126,2 pieds
204838,Tireur d'élite
204838,Oeil de lynx
204838,Buteur
204838,Finisseur
204838,Chasseur
204838,2 pieds
212501,Sentinelle
212501,Colonne Vertébrale
212501,Architecte
212501,Roc
212501,2 pieds
202750,Sentinelle
202750,2 pieds
207993,Sentinelle
207993,Pilier
207993,Homme de l'ombre
226110,Artiste
226110,Maestro
226110,Moteur
226110,Catalyseur
226110,Tireur d'élite
226110,Faucon
226110,Chasseur
246669,2 pieds
188567,Artiste
188567,Maestro
188567,Moteur
188567,Catalyseur
188567,Tireur d'élite
188567,Faucon
188567,Chasseur
188567,2 pieds
193301,Artiste
193301,Maestro
193301,Moteur
193301,Catalyseur
193301,Tireur d'élite
193301,Faucon
193301,Chasseur
193301,2 pieds
199503,Architecte
199503,Tireur de coups francs
200746,2 pieds
203841,Mur
203841,Gant
169792,2 pieds
192123,Finisseur
189280,Architecte
189280,Tireur de coups francs
198331,2 pieds
205569,Artiste
205569,Tireur de coups francs
169705,Garde
169705,Homme de l'ombre
226093,Oeil de lynx
226093,Finisseur
226093,Chasseur
226093,2 pieds
227927,2 pieds
189324,Gant
202849,Sentinelle
202849,2 pieds
207599,Sentinelle
204935,Mur
204935,Gant
204935,2 pieds
180216,Garde
220523,Sentinelle
184484,Artiste
184484,Maestro
184484,Tireur d'élite
184484,Faucon
184484,Tireur de coups francs
184484,2 pieds
198710,Artiste
198710,Maestro
198710,Tireur d'élite
198710,Faucon
198710,Tireur de coups francs
198710,Star
203487,Sentinelle
196978,Tireur d'élite
196978,Oeil de lynx
196978,Buteur
196978,Finisseur
196978,Chasseur
216388,2 pieds
216388,Magicien
206115,2 pieds
182836,Finisseur
230977,Artiste
230977,Moteur
230977,Catalyseur
237161,2 pieds
186395,Artiste
186395,2 pieds
183285,Sentinelle
188253,2 pieds
186801,Sentinelle
206304,Sentinelle
206304,Colonne Vertébrale
206304,Architecte
206304,Roc
206304,Tireur de coups francs
198717,Tireur d'élite
198717,Chasseur
198717,Magicien
207616,2 pieds
215871,2 pieds
180819,Artiste
180819,2 pieds
236480,Tireur de coups francs
231936,2 pieds
190765,Tireur de coups francs
190765,2 pieds
236792,Sentinelle
164835,Gant
228229,Sentinelle
231633,Sentinelle
234378,Sentinelle
194794,Artiste
194794,Maestro
194794,Tireur d'élite
194794,Faucon
194794,Tireur de coups francs
193849,Tireur de coups francs
193849,2 pieds
222994,Sentinelle
210881,2 pieds
213991,Sentinelle
213991,2 pieds
224294,Artiste
224294,2 pieds
220196,Artiste
220196,Moteur
220196,Catalyseur
220196,2 pieds
236276,2 pieds
193011,Sentinelle
189446,Tireur de coups francs
163155,Gant
219536,2 pieds
235353,Tireur d'élite
235353,Chasseur
177896,Tireur de coups francs
190362,Tireur d'élite
190362,Chasseur
206058,Garde
206058,Homme de l'ombre
206058,2 pieds
210008,Sentinelle
210008,Garde
210008,Colonne Vertébrale
210008,Artiste
210008,Architecte
210008,Roc
184344,Sentinelle
184344,2 pieds
186561,Artiste
186561,Maestro
186561,Tireur d'élite
186561,Faucon
227535,Artiste
227535,2 pieds
238744,Sentinelle
238160,Sentinelle
193082,Artiste
193082,Moteur
193082,Catalyseur
193082,Magicien
186153,Gant
185103,Sentinelle
185103,Garde
185103,Colonne Vertébrale
185103,Artiste
185103,Architecte
185103,Roc
185103,Tireur de coups francs
229857,Artiste
229857,Tireur de coups francs
229857,2 pieds
224232,Artiste
224232,Moteur
224232,Catalyseur
181872,Sentinelle
181872,Garde
181872,Gladiateur
181872,Colonne Vertébrale
181872,Artiste
181872,Architecte
181872,Roc
181872,Maestro
181872,Tireur d'élite
181872,Faucon
181872,Buteur
181872,Finisseur
181872,2 pieds
181872,Star
184941,Artiste
184941,Maestro
184941,Moteur
184941,Catalyseur
184941,Tireur d'élite
184941,Faucon
184941,Chasseur
184941,Tireur de coups francs
184941,Star
231478,Tireur d'élite
231478,Oeil de lynx
231478,Buteur
231478,Finisseur
231478,Chasseur
231478,2 pieds
232363,Sentinelle
232363,2 pieds
178518,Sentinelle
178518,Garde
178518,Gladiateur
178518,Colonne Vertébrale
178518,Artiste
178518,Architecte
178518,Roc
178518,Maestro
178518,Tireur d'élite
178518,Faucon
178518,Buteur
178518,Finisseur
190460,Artiste
190460,Maestro
190460,Tireur d'élite
190460,Faucon
190460,Tireur de coups francs
190460,2 pieds
181458,Artiste
181458,Architecte
181458,Maestro
181458,Moteur
181458,Catalyseur
181458,Tireur d'élite
181458,Oeil de lynx
181458,Faucon
181458,Buteur
181458,Finisseur
181458,Chasseur
181458,Tireur de coups francs
181458,2 pieds
192505,Oeil de lynx
192505,Finisseur
192505,Chasseur
192505,2 pieds
152908,Tireur de coups francs
198176,2 pieds
216352,Garde
216352,Artiste
216352,Roc
216352,2 pieds
217196,Sentinelle
223273,2 pieds
220093,Sentinelle
220093,Garde
220093,Pilier
220093,Homme de l'ombre
143076,Artiste
143076,Maestro
143076,Moteur
143076,Catalyseur
143076,Tireur d'élite
143076,Faucon
143076,Chasseur
143076,Tireur de coups francs
143076,2 pieds
202024,Artiste
236498,2 pieds
215333,Tireur d'élite
215333,Buteur
215333,Finisseur
215333,2 pieds
199110,Tireur d'élite
199110,Chasseur
199110,2 pieds
208461,Sentinelle
211361,Tireur de coups francs
212151,Mur
212151,Gant
215330,Artiste
215330,Maestro
215330,Moteur
215330,Catalyseur
215330,Tireur d'élite
215330,Faucon
215330,Chasseur
215330,2 pieds
219391,Sentinelle
175254,Tireur d'élite
175254,Buteur
175254,Finisseur
183498,Sentinelle
183498,Garde
183498,Gladiateur
183498,Colonne Vertébrale
183498,Artiste
183498,Architecte
183498,Roc
183498,Maestro
183498,Tireur d'élite
183498,Faucon
183498,Buteur
183498,Finisseur
183498,2 pieds
224031,2 pieds
235374,Artiste
235374,Moteur
235374,Catalyseur
223848,Sentinelle
223848,Garde
223848,Gladiateur
223848,Colonne Vertébrale
223848,Artiste
223848,Architecte
223848,Roc
223848,Maestro
223848,Tireur d'élite
223848,Faucon
223848,Buteur
223848,Finisseur
223848,Tireur de coups francs
223848,2 pieds
199845,Sentinelle
192387,Tireur d'élite
192387,Oeil de lynx
192387,Buteur
192387,Finisseur
192387,Chasseur
192387,2 pieds
201519,Artiste
201519,Tireur de coups francs
208268,Artiste
208268,Architecte
228251,Artiste
229582,Sentinelle
180930,Tireur d'élite
180930,2 pieds
192883,Artiste
192883,Maestro
192883,Moteur
192883,Catalyseur
192883,Tireur d'élite
192883,Faucon
192883,Chasseur
192883,2 pieds
236920,2 pieds
220018,Tireur d'élite
220018,Oeil de lynx
220018,Buteur
220018,Finisseur
220018,Chasseur
220018,2 pieds
208128,Artiste
208128,Maestro
208128,Tireur d'élite
208128,Faucon
208128,Tireur de coups francs
208128,2 pieds
179645,Sentinelle
228881,Homme de l'ombre
230621,Gant
41236,Artiste
41236,Architecte
41236,Maestro
41236,Tireur d'élite
41236,Faucon
41236,Buteur
41236,Finisseur
41236,Tireur de coups francs
41236,2 pieds
41236,Magicien
41236,Legende
241096,Artiste
241096,Architecte
241096,Moteur
241096,Catalyseur
241096,2 pieds
242664,2 pieds
210864,Garde
210864,Homme de l'ombre
216435,Artiste
216435,2 pieds
210406,Artiste
210406,Moteur
210406,Catalyseur
210406,2 pieds
216409,Artiste
216409,Maestro
216409,Moteur
216409,Catalyseur
216409,Tireur d'élite
216409,Faucon
216409,Chasseur
216409,Tireur de coups francs
216409,2 pieds
202325,2 pieds
175943,Artiste
175943,Maestro
175943,Moteur
175943,Catalyseur
175943,Tireur d'élite
175943,Faucon
175943,Chasseur
175943,Tireur de coups francs
175943,2 pieds
232293,2 pieds
221992,Tireur d'élite
221992,Chasseur
241390,2 pieds
192774,Sentinelle
192774,Pilier
192774,Homme de l'ombre
201454,Garde
201454,Homme de l'ombre
201454,Artiste
201454,Roc
201454,Moteur
201454,Catalyseur
201454,2 pieds
198219,Artiste
198219,Maestro
198219,Moteur
198219,Catalyseur
198219,Tireur d'élite
198219,Faucon
198219,Chasseur
198219,Tireur de coups francs
198219,2 pieds
201024,Sentinelle
202851,Tireur d'élite
202851,Chasseur
210935,Tireur d'élite
210935,Chasseur
207790,Sentinelle
207790,2 pieds
214622,2 pieds
243526,2 pieds
163489,Gant
189053,Chasseur
189053,2 pieds
213404,2 pieds
186614,2 pieds
236791,Artiste
243251,2 pieds
220509,2 pieds
238095,Sentinelle
235866,2 pieds
235805,2 pieds
189125,Artiste
189125,Maestro
189125,Tireur d'élite
189125,Faucon
189125,Tireur de coups francs
184392,2 pieds
231826,2 pieds
230681,2 pieds
190875,Sentinelle
205756,Tireur de coups francs
205756,2 pieds
170320,Sentinelle
233556,2 pieds
193532,Sentinelle
193532,2 pieds
185174,Artiste
240661,2 pieds
237819,2 pieds
240017,2 pieds
232938,2 pieds
189908,Gant
193361,Artiste
193361,2 pieds
214979,Gant
190761,2 pieds
205659,Gant
216816,Tireur d'élite
216816,Chasseur
236311,Artiste
235813,Artiste
235813,Tireur de coups francs
235813,2 pieds
230965,Sentinelle
230965,Garde
230965,Pilier
230965,Homme de l'ombre
205531,2 pieds
226536,Sentinelle
240660,2 pieds
173221,Artiste
173221,Maestro
173221,Tireur d'élite
173221,Faucon
173221,2 pieds
191648,2 pieds
198683,Tireur d'élite
198683,Tireur de coups francs
201508,Artiste
201508,Maestro
201508,Tireur d'élite
201508,Faucon
201508,Tireur de coups francs
205391,Sentinelle
205391,Garde
208596,Tireur d'élite
208596,Oeil de lynx
208596,Buteur
208596,Finisseur
208596,Chasseur
208596,2 pieds
216145,Sentinelle
216145,2 pieds
168435,Mur
168435,Gant
228349,2 pieds
173306,Garde
173306,Homme de l'ombre
173306,Artiste
173306,Roc
173306,Moteur
173306,Catalyseur
173306,2 pieds
236699,Artiste
191053,Sentinelle
191053,Garde
202685,Tireur d'élite
202685,Oeil de lynx
202685,Buteur
202685,Finisseur
202685,Chasseur
216150,Garde
216150,Homme de l'ombre
229593,2 pieds
201144,Roc
201144,2 pieds
209658,Sentinelle
209658,Garde
209658,Gladiateur
209658,Colonne Vertébrale
209658,Pilier
209658,Homme de l'ombre
209658,Artiste
209658,Architecte
209658,Roc
209658,Maestro
209658,Moteur
209658,Catalyseur
209658,Tireur d'élite
209658,Oeil de lynx
209658,Faucon
209658,Buteur
209658,Finisseur
209658,Chasseur
209658,Tireur de coups francs
209658,2 pieds
206113,Artiste
206113,Maestro
206113,Moteur
206113,Catalyseur
206113,Tireur d'élite
206113,Faucon
206113,Chasseur
206113,2 pieds
213345,Artiste
213345,Maestro
213345,Moteur
213345,Catalyseur
213345,Tireur d'élite
213345,Faucon
213345,Chasseur
212190,Sentinelle
219683,Sentinelle
219683,Garde
219683,Gladiateur
219683,Colonne Vertébrale
219683,Artiste
219683,Architecte
219683,Roc
219683,Maestro
219683,Tireur d'élite
219683,Faucon
219683,Buteur
219683,Finisseur
167495,Mur
167495,Gant
167495,2 pieds
167495,Legende
220814,Sentinelle
220814,Pilier
220814,Homme de l'ombre
222492,Artiste
222492,Maestro
222492,Moteur
222492,Catalyseur
222492,Tireur d'élite
222492,Faucon
222492,Chasseur
222492,Tireur de coups francs
183907,Sentinelle
183907,2 pieds
183907,Star
212622,Sentinelle
212622,Garde
212622,Colonne Vertébrale
212622,Artiste
212622,Architecte
212622,Roc
212622,2 pieds
188545,Tireur d'élite
188545,Oeil de lynx
188545,Buteur
188545,Finisseur
188545,Chasseur
188545,Tireur de coups francs
188545,2 pieds
188545,Star
234396,2 pieds
189596,Artiste
189596,Maestro
189596,Tireur d'élite
189596,Faucon
189596,2 pieds
189596,Star
203486,Artiste
203486,Maestro
203486,Moteur
203486,Catalyseur
203486,Tireur d'élite
203486,Faucon
203486,Chasseur
203486,Tireur de coups francs
203486,2 pieds
202371,Sentinelle
202371,Garde
202371,Gladiateur
202371,Colonne Vertébrale
202371,Pilier
202371,Homme de l'ombre
202371,Artiste
202371,Architecte
202371,Roc
202371,Maestro
202371,Moteur
202371,Catalyseur
202371,Tireur d'élite
202371,Oeil de lynx
202371,Faucon
202371,Buteur
202371,Finisseur
202371,Chasseur
202371,2 pieds
208333,Sentinelle
208333,Garde
208333,Colonne Vertébrale
208333,Artiste
208333,Architecte
208333,Roc
208333,2 pieds
209889,Artiste
209889,Maestro
209889,Tireur d'élite
209889,Faucon
209889,Tireur de coups francs
218339,Artiste
218339,2 pieds
212194,Artiste
212194,Maestro
212194,Moteur
212194,Catalyseur
212194,Tireur d'élite
212194,Faucon
212194,Chasseur
212194,2 pieds
178603,Sentinelle
178603,Colonne Vertébrale
178603,Architecte
178603,Roc
178603,Star
177413,Sentinelle
177413,Garde
177413,Colonne Vertébrale
177413,Artiste
177413,Architecte
177413,Roc
177413,2 pieds
229237,Sentinelle
229237,Pilier
229237,Homme de l'ombre
228080,2 pieds
233049,Artiste
233049,Moteur
233049,Catalyseur
233049,2 pieds
233049,Magicien
188350,Artiste
188350,Maestro
188350,Moteur
188350,Catalyseur
188350,Tireur d'élite
188350,Faucon
188350,Chasseur
188350,Tireur de coups francs
188350,2 pieds
188350,Star
189117,Gant
210665,Sentinelle
210665,Tireur de coups francs
208448,Artiste
208448,Tireur de coups francs
208448,2 pieds
222331,Sentinelle
222331,Pilier
222331,Homme de l'ombre
228579,2 pieds
226166,Sentinelle
226166,Pilier
226166,Homme de l'ombre
232411,Artiste
232411,Moteur
232411,Catalyseur
216549,2 pieds
229558,Sentinelle
229558,Pilier
229558,Homme de l'ombre
185122,Mur
185122,Gant
204024,Sentinelle
206467,Artiste
206467,Maestro
206467,Moteur
206467,Catalyseur
206467,Tireur d'élite
206467,Faucon
206467,Chasseur
207862,Sentinelle
210324,Artiste
210324,Moteur
210324,Catalyseur
210324,2 pieds
221491,Sentinelle
224196,Sentinelle
187072,Artiste
187072,Maestro
187072,Tireur d'élite
187072,Faucon
187072,2 pieds
234943,Artiste
223724,2 pieds
177683,Mur
177683,Gant
177683,2 pieds
211748,Artiste
211748,Tireur de coups francs
211748,2 pieds
215353,Tireur d'élite
215353,Buteur
215353,Finisseur
213331,Sentinelle
213331,2 pieds
177458,Sentinelle
177458,2 pieds
199042,Artiste
199042,Tireur de coups francs
199042,2 pieds
225309,Artiste
189606,Sentinelle
177457,Sentinelle
229906,Artiste
229906,Maestro
229906,Moteur
229906,Catalyseur
229906,Tireur d'élite
229906,Faucon
229906,Chasseur
229906,Tireur de coups francs
229906,2 pieds
189060,Sentinelle
189060,2 pieds
190941,Gant
208498,Tireur d'élite
208498,Chasseur
208498,2 pieds
211856,2 pieds
235424,Sentinelle
228336,Artiste
192641,Sentinelle
216354,Tireur d'élite
216354,2 pieds
193698,Gant
194728,Tireur d'élite
194728,Buteur
194728,Finisseur
201860,Sentinelle
204082,Sentinelle
206511,Artiste
206511,Maestro
206511,Tireur d'élite
206511,Faucon
206511,Tireur de coups francs
223689,Finisseur
199909,2 pieds
188770,Tireur d'élite
198118,Sentinelle
192984,Mur
192984,Gant
192445,Oeil de lynx
192445,Finisseur
192445,Chasseur
192445,2 pieds
212096,Artiste
212096,Maestro
212096,Tireur d'élite
212096,Faucon
212096,Tireur de coups francs
219792,Garde
239138,2 pieds
208574,Artiste
208574,Architecte
208574,Maestro
208574,Moteur
208574,Catalyseur
208574,Tireur d'élite
208574,Oeil de lynx
208574,Faucon
208574,Buteur
208574,Finisseur
208574,Chasseur
208574,Tireur de coups francs
212212,Sentinelle
160741,Sentinelle
160741,Pilier
160741,Homme de l'ombre
229752,2 pieds
189068,Finisseur
232730,2 pieds
194665,Sentinelle
190059,2 pieds
200215,Sentinelle
188943,Mur
188943,Gant
188943,2 pieds
201922,Sentinelle
212977,Sentinelle
212977,Pilier
212977,Homme de l'ombre
210287,Oeil de lynx
210287,Finisseur
210287,Chasseur
231416,2 pieds
227234,Sentinelle
223113,Chasseur
195033,2 pieds
201262,2 pieds
192557,Artiste
192557,Tireur de coups francs
203030,2 pieds
158856,2 pieds
228595,2 pieds
229702,2 pieds
183574,Artiste
183574,Maestro
183574,Tireur d'élite
183574,Faucon
183574,2 pieds
200429,2 pieds
213296,Artiste
220925,2 pieds
179783,Gant
232097,Magicien
189251,Garde
189251,Artiste
189251,Roc
189251,Tireur de coups francs
198200,Sentinelle
198200,2 pieds
200318,Tireur d'élite
200318,Chasseur
205402,2 pieds
189043,Tireur de coups francs
236461,Oeil de lynx
236461,Finisseur
236461,Chasseur
236461,2 pieds
240709,2 pieds
245857,2 pieds
208334,Sentinelle
208334,Garde
208334,Colonne Vertébrale
208334,Pilier
208334,Homme de l'ombre
208334,Artiste
208334,Architecte
208334,Roc
208334,Moteur
208334,Catalyseur
222148,Tireur d'élite
222148,Tireur de coups francs
222148,2 pieds
198113,2 pieds
200316,Mur
200316,Gant
207894,Sentinelle
211999,Sentinelle
211899,Finisseur
211899,2 pieds
181262,Sentinelle
195586,2 pieds
197083,Artiste
197083,Architecte
197083,Tireur de coups francs
197083,2 pieds
199439,Tireur de coups francs
211862,Finisseur
211862,2 pieds
203106,Artiste
203106,Moteur
203106,Catalyseur
203106,2 pieds
205431,Finisseur
205431,2 pieds
203483,Tireur d'élite
203483,Buteur
203483,Finisseur
212626,Oeil de lynx
212626,Finisseur
212626,Chasseur
236583,Gant
226168,Artiste
226168,Architecte
226168,2 pieds
234399,2 pieds
212678,Catalyseur
186330,Garde
191565,2 pieds
210237,2 pieds
179516,Finisseur
220708,2 pieds
229973,2 pieds
235103,2 pieds
157703,2 pieds
165153,Artiste
165153,Architecte
165153,Maestro
165153,Moteur
165153,Catalyseur
165153,Tireur d'élite
165153,Oeil de lynx
165153,Faucon
165153,Buteur
165153,Finisseur
165153,Chasseur
165153,2 pieds
165153,Star
177003,Artiste
177003,Maestro
177003,Tireur d'élite
177003,Faucon
177003,Tireur de coups francs
177003,2 pieds
177003,Star
222665,Artiste
222665,Tireur de coups francs
222665,Magicien
228618,Sentinelle
228618,Garde
228618,Pilier
228618,Homme de l'ombre
228618,2 pieds
232432,Tireur d'élite
232432,Chasseur
232432,2 pieds
182521,Artiste
182521,Maestro
182521,Tireur d'élite
182521,Faucon
182521,Tireur de coups francs
182521,2 pieds
182521,Star
192119,Gant
192119,Star
201535,Sentinelle
201535,Pilier
201535,Homme de l'ombre
158023,Artiste
158023,Maestro
158023,Moteur
158023,Catalyseur
158023,Tireur d'élite
158023,Faucon
158023,Chasseur
158023,Tireur de coups francs
158023,2 pieds
158023,Legende
220440,Sentinelle
220440,Pilier
220440,Homme de l'ombre
220440,2 pieds
228702,Sentinelle
228702,Garde
228702,Colonne Vertébrale
228702,Pilier
228702,Homme de l'ombre
228702,Artiste
228702,Architecte
228702,Roc
228702,Moteur
228702,Catalyseur
180206,Garde
180206,Artiste
180206,Roc
180206,Tireur de coups francs
180206,2 pieds
194765,Artiste
194765,Maestro
194765,Moteur
194765,Catalyseur
194765,Tireur d'élite
194765,Faucon
194765,Chasseur
194765,Tireur de coups francs
194765,Star
208418,Artiste
208418,Maestro
208418,Moteur
208418,Catalyseur
208418,Tireur d'élite
208418,Faucon
208418,Chasseur
208418,Tireur de coups francs
208418,2 pieds
214997,Artiste
214997,Maestro
214997,Moteur
214997,Catalyseur
214997,Tireur d'élite
214997,Faucon
214997,Chasseur
214997,2 pieds
213565,Artiste
213565,Maestro
213565,Moteur
213565,Catalyseur
213565,Tireur d'élite
213565,Faucon
213565,Chasseur
213565,Tireur de coups francs
176580,Artiste
176580,Architecte
176580,Maestro
176580,Tireur d'élite
176580,Faucon
176580,Buteur
176580,Finisseur
176580,Tireur de coups francs
176580,2 pieds
176580,Legende
209989,Sentinelle
209989,Garde
209989,Colonne Vertébrale
209989,Artiste
209989,Architecte
209989,Roc
200389,Mur
200389,Gant
186345,Garde
186345,Artiste
186345,Roc
186345,Tireur de coups francs
186345,2 pieds
207471,Artiste
207471,Maestro
207471,Tireur d'élite
207471,Faucon
220253,Artiste
220253,Maestro
220253,Moteur
220253,Catalyseur
220253,Tireur d'élite
220253,Faucon
220253,Chasseur
168651,Artiste
168651,Maestro
168651,Tireur d'élite
168651,Faucon
168651,Tireur de coups francs
168651,2 pieds
168651,Star
224334,Sentinelle
224334,Garde
224334,Colonne Vertébrale
224334,Pilier
224334,Homme de l'ombre
224334,Artiste
224334,Architecte
224334,Roc
224334,Moteur
224334,Catalyseur
224334,Tireur de coups francs
235410,2 pieds
189805,Finisseur
193198,Architecte
193198,Tireur de coups francs
199667,Sentinelle
237681,2 pieds
189271,Sentinelle
189271,Garde
189271,Colonne Vertébrale
189271,Artiste
189271,Architecte
189271,Roc
207664,Tireur d'élite
208330,Tireur d'élite
208330,Chasseur
208330,2 pieds
233731,2 pieds
210463,2 pieds
223197,Tireur d'élite
223197,Buteur
223197,Finisseur
236331,Sentinelle
203843,Sentinelle
203843,Pilier
203843,Homme de l'ombre
206225,Artiste
206225,Maestro
206225,Moteur
206225,Catalyseur
206225,Tireur d'élite
206225,Faucon
206225,Chasseur
206225,2 pieds
176600,Tireur d'élite
176600,Chasseur
176600,2 pieds
172522,Sentinelle
172522,Garde
172522,Gladiateur
172522,Colonne Vertébrale
172522,Artiste
172522,Architecte
172522,Roc
172522,Maestro
172522,Tireur d'élite
172522,Faucon
172522,Buteur
172522,Finisseur
172522,Tireur de coups francs
230578,Sentinelle
244253,2 pieds
190223,2 pieds
237239,Artiste
237239,Maestro
237239,Tireur d'élite
237239,Faucon
237239,Tireur de coups francs
237239,2 pieds
221016,Sentinelle
212772,Sentinelle
199602,Tireur de coups francs
201377,Sentinelle
201377,Pilier
201377,Homme de l'ombre
220673,2 pieds
221832,Tireur de coups francs
192041,Sentinelle
232883,Artiste
230964,2 pieds
191135,2 pieds
245598,2 pieds
228819,2 pieds
203551,Garde
203551,Gladiateur
203551,Homme de l'ombre
203551,Artiste
203551,Roc
203551,Maestro
203551,Moteur
203551,Catalyseur
203551,Tireur d'élite
203551,Faucon
203551,Chasseur
203551,Tireur de coups francs
201399,Tireur d'élite
201399,Chasseur
201399,2 pieds
183898,Artiste
183898,Maestro
183898,Moteur
183898,Catalyseur
183898,Tireur d'élite
183898,Faucon
183898,Chasseur
183898,Tireur de coups francs
183898,Magicien
183898,Star
225850,Sentinelle
225850,Pilier
225850,Homme de l'ombre
225711,Sentinelle
225711,Garde
225711,Pilier
225711,Homme de l'ombre
226229,Sentinelle
226229,2 pieds
231747,Artiste
231747,Architecte
231747,Maestro
231747,Moteur
231747,Catalyseur
231747,Tireur d'élite
231747,Oeil de lynx
231747,Faucon
231747,Buteur
231747,Finisseur
231747,Chasseur
231747,2 pieds
231747,Magicien
193041,Mur
193041,Gant
193474,Sentinelle
193474,Garde
199556,Garde
199556,Artiste
199556,Roc
199556,2 pieds
201510,Artiste
207439,Artiste
207439,Tireur de coups francs
207439,2 pieds
210896,Artiste
210896,Architecte
210896,Moteur
210896,Catalyseur
210896,2 pieds
215061,Tireur d'élite
215061,Chasseur
215061,2 pieds
219681,2 pieds
177388,Artiste
177388,Maestro
177388,Tireur d'élite
177388,Faucon
177388,Tireur de coups francs
177388,2 pieds
223874,Garde
223874,Artiste
223874,Roc
223874,2 pieds
225263,Sentinelle
224030,Artiste
163705,Gant
243656,2 pieds
189712,Sentinelle
189712,Colonne Vertébrale
189712,Architecte
189712,Roc
194359,2 pieds
208520,Sentinelle
208520,Pilier
208520,Homme de l'ombre
203280,Chasseur
203280,2 pieds
204970,Artiste
204970,Maestro
204970,Moteur
204970,Catalyseur
204970,Tireur d'élite
204970,Faucon
204970,Chasseur
214097,Artiste
214097,Tireur de coups francs
213388,Artiste
213388,Moteur
213388,Catalyseur
236786,Tireur d'élite
236786,Chasseur
187936,Sentinelle
215698,Mur
215698,Gant
124375,Oeil de lynx
124375,Finisseur
124375,Chasseur
225085,Tireur d'élite
225085,Chasseur
231887,Artiste
231887,Moteur
231887,Catalyseur
231887,Tireur de coups francs
231887,2 pieds
234612,2 pieds
206493,Sentinelle
227732,2 pieds
231236,Tireur de coups francs
235673,2 pieds
215223,Gant
177358,Sentinelle
230020,Artiste
228687,Chasseur
234333,2 pieds
234686,2 pieds
247412,2 pieds
240754,2 pieds
202556,Artiste
202556,Architecte
202556,Maestro
202556,Moteur
202556,Catalyseur
202556,Tireur d'élite
202556,Oeil de lynx
202556,Faucon
202556,Buteur
202556,Finisseur
202556,Chasseur
202556,Tireur de coups francs
202556,Magicien
215798,Tireur d'élite
215798,Chasseur
215798,2 pieds
211591,Tireur d'élite
211591,Oeil de lynx
211591,Buteur
211591,Finisseur
211591,Chasseur
216266,Sentinelle
216266,Pilier
216266,Homme de l'ombre
216643,Garde
216643,Artiste
216643,Roc
216643,2 pieds
224221,Sentinelle
224069,Tireur d'élite
224069,Chasseur
224069,2 pieds
220182,Sentinelle
220182,Pilier
220182,Homme de l'ombre
234906,Artiste
234906,Moteur
234906,Catalyseur
246646,2 pieds
209288,Artiste
209288,Moteur
209288,Catalyseur
209288,Tireur de coups francs
209288,2 pieds
225139,2 pieds
163665,Sentinelle
209519,Tireur d'élite
209519,Buteur
209519,Finisseur
205686,Artiste
205686,Tireur de coups francs
205686,2 pieds
223570,Tireur de coups francs
223570,2 pieds
190416,Sentinelle
190416,2 pieds
193983,Finisseur
201042,2 pieds
219145,Sentinelle
223597,Garde
223597,Homme de l'ombre
181820,Artiste
181820,Maestro
181820,Tireur d'élite
181820,Faucon
181820,2 pieds
234045,2 pieds
200726,Mur
200726,Gant
199451,Artiste
199451,Maestro
199451,Moteur
199451,Catalyseur
199451,Tireur d'élite
199451,Faucon
199451,Chasseur
199451,Tireur de coups francs
199451,2 pieds
209781,Tireur de coups francs
209781,2 pieds
226861,2 pieds
225855,Tireur de coups francs
226789,2 pieds
178160,Tireur de coups francs
239589,2 pieds
204105,Artiste
204105,Architecte
204105,Moteur
204105,Catalyseur
206167,2 pieds
208787,Artiste
208787,2 pieds
212219,Sentinelle
212219,Pilier
212219,Homme de l'ombre
235042,Tireur de coups francs
231089,2 pieds
236636,2 pieds
209547,Sentinelle
209547,2 pieds
198420,2 pieds
158121,Mur
158121,Gant
237207,2 pieds
215699,2 pieds
216820,2 pieds
231102,Artiste
231102,Moteur
231102,Catalyseur
231691,Gant
199393,Sentinelle
203741,2 pieds
229606,2 pieds
210438,2 pieds
210438,Magicien
235565,Sentinelle
187988,2 pieds
198817,2 pieds
158626,Garde
225951,2 pieds
236518,2 pieds
190034,Sentinelle
190034,Pilier
190034,Homme de l'ombre
222515,2 pieds
211321,2 pieds
176994,Gant
224428,Chasseur
224428,Tireur de coups francs
201043,2 pieds
231235,Sentinelle
231235,Pilier
231235,Homme de l'ombre
235173,2 pieds
244403,2 pieds
214047,2 pieds
201095,Gant
227536,Oeil de lynx
227536,Finisseur
227536,Chasseur
241084,2 pieds
222028,Garde
222028,Artiste
222028,Roc
172871,Sentinelle
193408,Finisseur
205705,Sentinelle
234635,2 pieds
227794,2 pieds
186351,2 pieds
244050,2 pieds
199852,Finisseur
198006,Faucon
220763,2 pieds
212187,Artiste
212187,Moteur
212187,Catalyseur
225863,2 pieds
227903,2 pieds
233096,Sentinelle
233096,Pilier
233096,Homme de l'ombre
245209,2 pieds
246960,2 pieds
223115,2 pieds
172049,Magicien
225114,2 pieds
212269,2 pieds
224423,Tireur de coups francs
162328,2 pieds
186503,2 pieds
234198,2 pieds
223566,2 pieds
234740,2 pieds
209378,Tireur de coups francs
231864,2 pieds
188621,2 pieds
192561,2 pieds
222410,2 pieds
178187,2 pieds
242430,2 pieds
205603,2 pieds
208018,2 pieds
224185,Tireur de coups francs
204684,2 pieds
227599,2 pieds
236615,2 pieds
208535,Sentinelle
202316,Sentinelle
204350,2 pieds
231949,Tireur de coups francs
239373,2 pieds
184432,Sentinelle
184432,Colonne Vertébrale
184432,Architecte
184432,Roc
189690,Mur
189690,Gant
201153,Tireur d'élite
201153,Chasseur
201153,2 pieds
204963,Sentinelle
204963,Garde
204963,Colonne Vertébrale
204963,Pilier
204963,Homme de l'ombre
204963,Artiste
204963,Architecte
204963,Roc
204963,Moteur
204963,Catalyseur
234035,Garde
234035,Homme de l'ombre
189242,Artiste
189242,Maestro
189242,Moteur
189242,Catalyseur
189242,Tireur d'élite
189242,Faucon
189242,Chasseur
189242,Tireur de coups francs
189242,2 pieds
189242,Magicien
189513,Artiste
189513,Maestro
189513,Tireur d'élite
189513,Faucon
189513,Tireur de coups francs
189513,2 pieds
189560,Sentinelle
189560,2 pieds
225193,Artiste
230142,Artiste
230142,Maestro
230142,Moteur
230142,Catalyseur
230142,Tireur d'élite
230142,Faucon
230142,Chasseur
146758,2 pieds
223578,Tireur d'élite
223578,Buteur
223578,Finisseur
193844,Artiste
211688,Garde
211688,Homme de l'ombre
211688,Artiste
211688,Roc
211688,Moteur
211688,Catalyseur
189575,Artiste
189575,Moteur
189575,Catalyseur
214639,Sentinelle
216475,Artiste
216475,Maestro
216475,Moteur
216475,Catalyseur
216475,Tireur d'élite
216475,Faucon
216475,Chasseur
216475,2 pieds
204526,Tireur de coups francs
194222,Sentinelle
209960,Gant
219953,Artiste
219953,Moteur
219953,Catalyseur
236679,Artiste
236679,Moteur
236679,Catalyseur
240289,Sentinelle
240289,2 pieds
205069,Artiste
205069,Moteur
205069,Catalyseur
210035,Garde
210035,Homme de l'ombre
210035,Artiste
210035,Roc
210035,Moteur
210035,Catalyseur
210035,Tireur de coups francs
178086,Mur
178086,Gant
20775,Artiste
20775,Moteur
20775,Catalyseur
20775,2 pieds
20775,Magicien
200271,2 pieds
222576,2 pieds
215914,Sentinelle
215914,Garde
215914,Colonne Vertébrale
215914,Pilier
215914,Homme de l'ombre
215914,Artiste
215914,Architecte
215914,Roc
215914,Moteur
215914,Catalyseur
199005,Mur
199005,Gant
199005,2 pieds
230938,Sentinelle
230938,Garde
230938,2 pieds
239744,Artiste
239744,Tireur de coups francs
192667,Sentinelle
239207,Finisseur
204077,Tireur d'élite
204077,Chasseur
204077,2 pieds
243630,2 pieds
225663,Artiste
225663,Moteur
225663,Catalyseur
225663,Tireur de coups francs
225663,2 pieds
214570,Tireur de coups francs
220085,Tireur d'élite
220085,Chasseur
229188,2 pieds
200104,Artiste
200104,Maestro
200104,Moteur
200104,Catalyseur
200104,Tireur d'élite
200104,Faucon
200104,Chasseur
200104,2 pieds
231969,Artiste
231969,Architecte
231969,Maestro
231969,Tireur d'élite
231969,Faucon
231969,Buteur
231969,Finisseur
231969,Tireur de coups francs
231969,2 pieds
226271,Artiste
226271,Maestro
226271,Tireur d'élite
226271,Faucon
226271,2 pieds
193881,2 pieds
212616,Artiste
212616,Moteur
212616,Catalyseur
182179,Sentinelle
238794,2 pieds
238794,Magicien
